Country,Boxes Shipped
UK,180
India,94
India,91
Australia,342
UK,184
India,38
UK,176
Australia,73
New Zealand,59
Australia,102
UK,62
USA,11
Canada,286
New Zealand,156
New Zealand,173
Australia,356
Canada,42
USA,140
Canada,250
UK,172
Australia,88
USA,157
USA,163
UK,113
Australia,115
India,321
Canada,186
USA,112
New Zealand,151
New Zealand,301
New Zealand,121
UK,150
Australia,94
UK,133
Canada,70
USA,315
UK,314
New Zealand,72
Australia,14
India,581
USA,16
USA,354
Canada,241
India,142
Canada,102
USA,188
USA,160
Australia,18
India,303
India,176
Canada,70
Australia,23
Australia,135
USA,83
India,179
Canada,24
New Zealand,18
Canada,416
Australia,55
Australia,227
Australia,48
Australia,174
Canada,302
India,149
India,11
Australia,11
Australia,14
India,411
India,56
USA,102
USA,103
UK,9
New Zealand,241
New Zealand,265
UK,214
Canada,32
USA,244
USA,181
UK,137
USA,24
USA,21
Australia,311
New Zealand,181
New Zealand,10
Canada,82
Australia,108
USA,401
Australia,408
Australia,420
Canada,348
UK,270
India,9
USA,264
Australia,111
Canada,65
New Zealand,97
Australia,6
UK,482
USA,106
USA,180
Australia,31
USA,359
India,80
USA,296
Canada,101
New Zealand,40
UK,42
USA,167
India,138
India,520
India,94
UK,175
Australia,92
Canada,141
Australia,283
Australia,21
Canada,47
India,125
Australia,396
USA,87
Canada,27
Australia,547
Canada,118
India,46
UK,57
India,22
UK,96
New Zealand,44
Australia,188
Australia,387
Canada,50
Australia,264
New Zealand,7
UK,90
Canada,403
India,174
India,140
India,27
UK,110
USA,30
New Zealand,121
USA,101
New Zealand,117
New Zealand,272
Australia,128
New Zealand,45
New Zealand,27
Australia,212
Australia,18
India,149
Australia,477
India,108
UK,178
India,81
UK,196
India,447
UK,175
Australia,136
Canada,138
Canada,184
USA,82
Canada,12
New Zealand,14
Australia,104
USA,46
UK,112
New Zealand,11
India,21
New Zealand,116
Australia,202
USA,6
India,520
UK,167
Canada,72
Australia,418
UK,389
Australia,26
India,146
UK,41
USA,54
Australia,370
Canada,176
USA,210
Australia,12
India,159
UK,187
India,233
UK,282
New Zealand,475
UK,65
Australia,311
UK,43
Australia,26
USA,84
Canada,78
USA,100
New Zealand,66
UK,265
India,141
New Zealand,42
UK,76
New Zealand,190
UK,54
Australia,32
Canada,424
India,134
Australia,92
Australia,48
India,46
Australia,62
Canada,358
USA,249
UK,88
New Zealand,144
Australia,390
UK,79
Australia,122
India,135
USA,430
UK,69
Australia,125
UK,154
Australia,286
India,99
UK,433
India,19
UK,258
Australia,92
USA,200
India,61
New Zealand,246
USA,56
Australia,87
Canada,173
Australia,252
New Zealand,256
USA,54
Australia,6
UK,55
India,277
India,44
USA,96
UK,216
Australia,424
New Zealand,37
USA,59
UK,76
Australia,109
India,146
UK,185
USA,27
USA,69
UK,46
Australia,170
India,179
New Zealand,126
USA,65
India,99
Australia,275
India,157
New Zealand,157
UK,145
Australia,139
Canada,406
USA,122
India,38
USA,117
New Zealand,417
New Zealand,57
Canada,125
Australia,166
Australia,3
UK,72
Canada,95
USA,22
Canada,100
Canada,312
UK,86
USA,7
India,149
India,18
New Zealand,242
Australia,102
UK,158
Australia,128
India,96
UK,209
Australia,52
India,55
USA,108
USA,51
Canada,216
USA,318
USA,238
Canada,238
New Zealand,315
Australia,72
UK,3
Canada,45
India,184
New Zealand,127
Australia,53
Canada,172
Australia,87
New Zealand,22
USA,122
Australia,125
Canada,259
Australia,156
USA,107
Australia,40
India,311
UK,73
Australia,288
UK,86
Australia,72
UK,136
Canada,303
USA,264
India,218
New Zealand,60
India,418
India,151
New Zealand,202
Canada,126
USA,160
Canada,3
USA,58
Australia,59
New Zealand,273
Canada,28
Canada,118
Australia,75
Australia,329
UK,69
UK,395
UK,81
Australia,38
India,96
Canada,195
UK,554
Canada,47
USA,152
India,134
India,112
Australia,16
Australia,84
UK,99
Canada,371
UK,136
Canada,203
New Zealand,183
Australia,195
New Zealand,135
New Zealand,197
India,242
Australia,25
Australia,252
New Zealand,415
New Zealand,348
New Zealand,211
India,81
UK,145
Australia,74
USA,21
Australia,101
India,91
Australia,54
USA,368
Canada,409
UK,104
UK,164
USA,76
India,178
Australia,31
USA,352
Australia,169
Australia,223
USA,146
USA,112
UK,284
USA,139
Canada,309
India,100
USA,42
USA,24
India,83
New Zealand,234
UK,118
Canada,46
New Zealand,144
New Zealand,47
Australia,41
Australia,275
Canada,370
USA,138
New Zealand,215
UK,134
Canada,336
New Zealand,280
USA,352
USA,150
New Zealand,177
India,142
UK,12
New Zealand,24
Canada,183
USA,147
India,137
USA,13
UK,2
India,261
UK,84
India,68
Australia,105
New Zealand,40
UK,65
India,107
New Zealand,227
New Zealand,39
New Zealand,84
UK,100
Australia,120
USA,257
Canada,85
Canada,178
New Zealand,151
India,142
UK,226
USA,341
New Zealand,140
India,330
India,73
India,4
New Zealand,285
New Zealand,60
Canada,101
USA,58
India,45
New Zealand,281
USA,138
India,322
New Zealand,85
UK,409
Australia,182
Australia,467
USA,14
Canada,178
UK,191
Australia,317
Canada,410
USA,137
Canada,12
Australia,254
New Zealand,24
UK,232
Australia,233
Australia,118
India,543
USA,223
Canada,204
Australia,65
USA,53
New Zealand,469
USA,213
USA,5
New Zealand,147
Canada,74
UK,163
USA,248
USA,138
Australia,151
India,139
New Zealand,103
India,129
USA,102
USA,37
New Zealand,31
USA,227
New Zealand,145
Canada,90
New Zealand,59
USA,60
Australia,148
India,22
UK,142
USA,93
Canada,208
UK,42
India,120
Canada,159
UK,316
USA,47
Canada,233
Australia,384
New Zealand,4
UK,260
USA,22
USA,18
New Zealand,42
New Zealand,73
USA,154
India,71
India,127
Canada,224
Australia,223
UK,284
USA,73
Canada,112
Australia,85
New Zealand,270
UK,45
Australia,153
Canada,7
Australia,51
Australia,67
UK,194
Australia,116
Australia,41
New Zealand,111
USA,334
USA,155
UK,407
UK,52
USA,138
India,70
New Zealand,149
UK,179
USA,353
New Zealand,97
USA,60
USA,5
Canada,182
India,114
USA,46
USA,320
Australia,178
India,170
USA,67
USA,301
UK,134
Canada,211
Canada,151
India,208
India,134
Canada,49
India,204
Australia,34
Australia,91
USA,130
New Zealand,107
UK,121
USA,339
New Zealand,321
USA,9
USA,69
Canada,72
Australia,392
USA,158
India,9
New Zealand,347
Canada,114
USA,120
New Zealand,333
Australia,432
Australia,236
Canada,135
UK,97
Australia,168
India,402
USA,10
UK,84
UK,69
Canada,111
Australia,89
Canada,199
India,89
Australia,131
UK,227
Canada,301
USA,316
India,390
USA,223
Canada,101
Canada,479
Australia,287
Canada,269
Canada,277
New Zealand,67
India,135
New Zealand,229
New Zealand,88
New Zealand,211
UK,293
USA,179
New Zealand,129
India,164
USA,219
Australia,258
Canada,116
India,204
USA,321
Australia,56
India,74
New Zealand,189
USA,131
India,15
USA,140
Australia,198
Australia,103
New Zealand,187
UK,125
India,8
UK,70
USA,126
New Zealand,265
USA,296
New Zealand,21
India,83
Australia,162
USA,145
Canada,44
Canada,82
India,226
New Zealand,207
New Zealand,176
Australia,286
UK,300
USA,235
Canada,125
India,145
New Zealand,65
Australia,102
USA,93
India,134
UK,189
Australia,232
Canada,45
India,67
India,138
India,99
India,251
UK,252
USA,78
Canada,130
Australia,154
Australia,52
Australia,53
Australia,50
India,44
Canada,200
USA,361
Canada,172
New Zealand,239
New Zealand,55
Australia,27
Canada,7
India,301
USA,134
New Zealand,350
India,33
Canada,23
India,201
India,323
Australia,220
Canada,488
New Zealand,84
Canada,79
UK,344
New Zealand,7
New Zealand,88
UK,275
Canada,512
UK,113
UK,275
UK,47
USA,276
UK,212
New Zealand,145
Canada,31
New Zealand,271
New Zealand,52
Australia,128
USA,142
Australia,256
New Zealand,106
USA,6
New Zealand,226
UK,121
USA,151
UK,284
New Zealand,89
USA,508
Australia,243
India,170
USA,18
Canada,282
New Zealand,277
USA,212
USA,126
Canada,11
New Zealand,30
India,51
USA,92
Australia,101
New Zealand,98
Australia,159
New Zealand,62
Canada,22
India,187
Canada,200
UK,201
New Zealand,308
Australia,55
India,153
UK,101
New Zealand,137
Australia,398
Canada,88
India,232
India,51
UK,66
UK,124
India,78
UK,341
Australia,114
Canada,4
New Zealand,22
UK,30
UK,351
Australia,708
New Zealand,50
UK,356
Canada,185
UK,236
Canada,30
USA,111
Canada,289
UK,103
UK,20
Australia,55
USA,90
Australia,303
USA,126
Canada,109
Australia,92
India,56
Canada,58
New Zealand,110
India,171
Australia,117
New Zealand,51
Canada,118
India,79
Australia,29
Canada,103
UK,155
New Zealand,31
Australia,128
New Zealand,419
Canada,7
New Zealand,106
Australia,68
Australia,44
Australia,457
India,524
Australia,137
USA,86
Canada,296
Canada,597
Canada,149
India,207
New Zealand,93
New Zealand,23
Canada,305
Australia,125
India,129
UK,252
USA,75
USA,87
India,342
New Zealand,13
New Zealand,30
New Zealand,203
India,106
India,234
New Zealand,100
Australia,91
New Zealand,277
New Zealand,42
Canada,249
New Zealand,97
USA,8
New Zealand,275
UK,313
UK,323
USA,155
Australia,377
India,2
USA,170
New Zealand,38
Australia,105
UK,166
Canada,164
UK,171
New Zealand,49
India,205
New Zealand,313
Canada,29
New Zealand,307
Canada,121
Canada,285
Canada,205
UK,157
New Zealand,182
UK,100
UK,223
New Zealand,61
USA,133
UK,228
USA,233
Canada,425
India,24
Canada,495
Canada,170
India,26
Australia,24
India,33
UK,109
India,276
UK,164
Canada,1
India,160
Canada,98
India,46
Australia,259
UK,310
Australia,78
Australia,136
India,130
New Zealand,24
India,5
Australia,109
Canada,294
India,413
Canada,136
Australia,175
Canada,237
USA,125
Canada,16
USA,135
New Zealand,91
Canada,614
India,216
UK,317
USA,21
Australia,154
Australia,222
India,157
USA,27
Australia,350
USA,157
UK,468
New Zealand,130
India,130
New Zealand,518
Australia,105
UK,293
Canada,15
Australia,384
UK,135
New Zealand,92
New Zealand,4
UK,239
Australia,33
New Zealand,518
India,147
India,84
UK,94
UK,194
UK,216
Canada,247
USA,79
UK,237
Canada,63
India,172
Canada,408
India,233
New Zealand,59
UK,123
New Zealand,229
Canada,198
Australia,32
New Zealand,236
UK,67
UK,438
India,167
UK,135
UK,148
Canada,54
UK,64
UK,181
UK,114
New Zealand,181
Australia,151
Canada,137
USA,163
New Zealand,84
Australia,140
New Zealand,187
New Zealand,169
UK,12
Australia,194
USA,252
India,168
USA,261
India,256
UK,43
Australia,100
USA,98
India,76
India,262
India,244
Canada,12
Canada,113
New Zealand,48
New Zealand,131
UK,174
India,254
Australia,284
UK,67
Canada,249
India,313
Canada,167
UK,286
India,109
Canada,166
India,85
Canada,142
Australia,104
USA,115
Canada,18
Australia,80
India,88
UK,212
Australia,306
Canada,181
UK,65
Canada,158
USA,271
USA,24
New Zealand,10
Canada,304
Australia,88
UK,133
UK,165
New Zealand,150
Canada,180
India,213
UK,133
India,446
USA,141
India,58
UK,58
Australia,76
India,296
India,73
Australia,119
USA,78
USA,392
New Zealand,51
India,207
India,40
India,100
Australia,57
New Zealand,42
Australia,156
UK,23
Canada,539
Australia,158
Australia,22
India,73
UK,27
New Zealand,64
USA,133
UK,149
New Zealand,434
New Zealand,85
Canada,118
USA,299
Canada,35
USA,44
New Zealand,299
New Zealand,62
UK,200
USA,235
India,363
Australia,68
Australia,26
Canada,200
Canada,264
USA,175
New Zealand,352
New Zealand,183
New Zealand,417
New Zealand,146
New Zealand,158
Australia,168
UK,176
Canada,172
UK,224
UK,68
USA,46
USA,2
USA,417
Australia,109
Canada,81
USA,350
UK,142
Australia,264
India,20
Australia,421
UK,271
UK,204
UK,235
Australia,46
Canada,15
UK,430
Canada,709
Australia,47
UK,380
India,465
India,96
New Zealand,188
India,202
UK,106
India,421
Australia,27
Canada,45
Australia,60
Canada,77
USA,464
New Zealand,60
UK,157
India,154
India,239
India,163
UK,28
Australia,76
India,96
Canada,156
India,106
Australia,235
USA,259
UK,126
UK,85
USA,132
Canada,91
Australia,167
Canada,203
India,11
Australia,295
USA,77
Canada,319
USA,196
Australia,102
Canada,312
New Zealand,55
Canada,82
Australia,260
Canada,591
Canada,24
New Zealand,228
Canada,268
India,68
India,173
Australia,93
Canada,338
Canada,73
UK,251
UK,229
USA,91
USA,194
New Zealand,403
India,12
New Zealand,195
Canada,75
India,96
Australia,205
Australia,323
USA,119
Canada,217
India,384
India,344
